projectID,physUrl,id,availableLanguages,type,source,represents
101072693,https://ec.europa.eu/research/participants/documents/downloadPublic?documentIds=080166e50dc64dcc&appId=PPGMS,6abb90a522dc1bc105c3ce8edda44786,en,projectDeliverable,corda,
101072693,https://ec.europa.eu/research/participants/documents/downloadPublic?documentIds=080166e5ff935777&appId=PPGMS,b1c2e5ac82fb35195f14992e944db968,en,projectDeliverable,corda,project
101072693,https://ec.europa.eu/research/participants/documents/downloadPublic?documentIds=080166e5f40fe093&appId=PPGMS,71130a709b56a0fcea9cffb2087fd645,en,projectDeliverable,corda,project
101072693,https://ec.europa.eu/research/participants/documents/downloadPublic?documentIds=080166e5ff941ccd&appId=PPGMS,c97652e1964ba4f82c95c4fe1494a86c,en,projectDeliverable,corda,project
101072693,https://ec.europa.eu/research/participants/documents/downloadPublic?documentIds=080166e5fc2a2956&appId=PPGMS,6e8645c2af6b084eb937d85a3cef5854,en,projectDeliverable,corda,project
101052410,https://ec.europa.eu/research/participants/documents/downloadPublic?documentIds=080166e5ecdcf946&appId=PPGMS,7f056fa0ae9d7a499733622d06a44cae,en,projectDeliverable,corda,project
101052410,https://ec.europa.eu/research/participants/documents/downloadPublic?documentIds=080166e5ecdc7903&appId=PPGMS,f76730ff51b8af94a183ea5016c933d1,en,projectDeliverable,corda,project
101052410,https://ec.europa.eu/research/participants/documents/downloadPublic?documentIds=080166e5f0ae375e&appId=PPGMS,b3cadccb65dae4c1777d295aed802b80,en,projectDeliverable,corda,project
101052410,https://ec.europa.eu/research/participants/documents/downloadPublic?documentIds=080166e5ef7dab06&appId=PPGMS,76e996bec38246c7f6b4fa2509d48f02,en,projectDeliverable,corda,project
101052410,https://ec.europa.eu/research/participants/documents/downloadPublic?documentIds=080166e5ef672706&appId=PPGMS,3847aa9445bfdec9195311af032eae1d,en,projectDeliverable,corda,project
101052410,https://ec.europa.eu/research/participants/documents/downloadPublic?documentIds=080166e5ecdd4bf2&appId=PPGMS,8b332f05969f4d3018f9be0728408527,en,projectDeliverable,corda,project
101052410,https://ec.europa.eu/research/participants/documents/downloadPublic?documentIds=080166e5f869a9c7&appId=PPGMS,f2c6f57ee8f3af8c7d5a4fbc22ed3e67,en,projectDeliverable,corda,project
101052410,https://ec.europa.eu/research/participants/documents/downloadPublic?documentIds=080166e5ecd66934&appId=PPGMS,7fb26bc2f62b9b355389fdee4276a9dc,en,projectDeliverable,corda,project
101052410,https://ec.europa.eu/research/participants/documents/downloadPublic?documentIds=080166e5f1e16c11&appId=PPGMS,6ae6af9f3c0de7cc336b36a400fa098e,en,projectDeliverable,corda,project
101052410,https://ec.europa.eu/research/participants/documents/downloadPublic?documentIds=080166e5f227cea6&appId=PPGMS,9bf459afe128b1ca5de911dc40b5459e,en,projectDeliverable,corda,project
101052410,https://ec.europa.eu/research/participants/documents/downloadPublic?documentIds=080166e5f869a9c9&appId=PPGMS,6d6d1485033b504f9126ad4bd2fd2177,en,projectDeliverable,corda,project
101052410,https://ec.europa.eu/research/participants/documents/downloadPublic?documentIds=080166e5ece64cd8&appId=PPGMS,f521e686fa1cbabb97b14b47aaa526bc,en,projectDeliverable,corda,project
101052410,https://ec.europa.eu/research/participants/documents/downloadPublic?documentIds=080166e502121efb&appId=PPGMS,091d89b4e052b22376080615ceeb66de,en,projectDeliverable,corda,project
101052410,https://ec.europa.eu/research/participants/documents/downloadPublic?documentIds=080166e5f869a689&appId=PPGMS,1174d7f397fd0b0f1da2997845f5d331,en,projectDeliverable,corda,project
101052410,https://ec.europa.eu/research/participants/documents/downloadPublic?documentIds=080166e5f869a539&appId=PPGMS,1532f7e79338d5bdd25522da646baf6e,en,projectDeliverable,corda,project
101052410,https://ec.europa.eu/research/participants/documents/downloadPublic?documentIds=080166e5ecdd46d2&appId=PPGMS,ff46812940879bee27c9afba04e6eb67,en,projectDeliverable,corda,project
101052410,https://ec.europa.eu/research/participants/documents/downloadPublic?documentIds=080166e5f8699db3&appId=PPGMS,0e46a2990b32f04bdd05cd5497c9f975,en,projectDeliverable,corda,project
101052410,https://ec.europa.eu/research/participants/documents/downloadPublic?documentIds=080166e5f0ae6320&appId=PPGMS,378dc6bff47d505f0ff4657ff4fcb1c8,en,projectDeliverable,corda,project
101052410,https://ec.europa.eu/research/participants/documents/downloadPublic?documentIds=080166e5f1dd7552&appId=PPGMS,ecd873f95230e826ad01b6584e820548,en,projectDeliverable,corda,project
101052410,https://ec.europa.eu/research/participants/documents/downloadPublic?documentIds=080166e5ee35bf47&appId=PPGMS,c3ee386bae7762f76c218976325ed978,en,projectDeliverable,corda,project
101157697,https://ec.europa.eu/research/participants/documents/downloadPublic?documentIds=080166e50c9cc017&appId=PPGMS,b06559ffaa54b342a4975b220c8c7071,en,projectDeliverable,corda,
101157697,https://ec.europa.eu/research/participants/documents/downloadPublic?documentIds=080166e50c9cc718&appId=PPGMS,8dd65e3079983b5b3015b43cb1ef56a5,en,projectDeliverable,corda,
101157697,https://ec.europa.eu/research/participants/documents/downloadPublic?documentIds=080166e513bb1167&appId=PPGMS,7dd5d38eb9482ef36083a2292c528050,en,projectDeliverable,corda,
101157697,https://ec.europa.eu/research/participants/documents/downloadPublic?documentIds=080166e514bac217&appId=PPGMS,daa40974691ca4a84c0c1be601b9b03d,en,projectDeliverable,corda,
101054755,https://ec.europa.eu/research/participants/documents/downloadPublic?documentIds=080166e5e74b2c99&appId=PPGMS,3d1448c2c72aa5d9d2b375592a8916ee,en,projectDeliverable,corda,project
101054755,https://ec.europa.eu/research/participants/documents/downloadPublic?documentIds=080166e5e644dcdb&appId=PPGMS,27346ba4c09023b399770cc900308b1c,en,projectDeliverable,corda,project
101054755,https://ec.europa.eu/research/participants/documents/downloadPublic?documentIds=080166e5e9ba1336&appId=PPGMS,6d5ed8ade0e1a64f9435d5945ab71a1d,en,projectDeliverable,corda,project
101054755,https://ec.europa.eu/research/participants/documents/downloadPublic?documentIds=080166e5e6ca2f01&appId=PPGMS,08d7afa607e3906d9348b67bd1d656ab,en,projectDeliverable,corda,project
101054755,https://ec.europa.eu/research/participants/documents/downloadPublic?documentIds=080166e5e644e17c&appId=PPGMS,b3bf025af06a35abce56a636327f386a,en,projectDeliverable,corda,project
101054755,https://ec.europa.eu/research/participants/documents/downloadPublic?documentIds=080166e5e6ca2a20&appId=PPGMS,ebc6cdeb61d3893d5f85c7b52402102d,en,projectDeliverable,corda,project
101054755,https://ec.europa.eu/research/participants/documents/downloadPublic?documentIds=080166e5e644c1b2&appId=PPGMS,dacfb70616ffc7a25f57458ce9d6debc,en,projectDeliverable,corda,project
101054755,https://ec.europa.eu/research/participants/documents/downloadPublic?documentIds=080166e5e6ca408f&appId=PPGMS,4419f5788317d0fd69daaeceea94abae,en,projectDeliverable,corda,project
101052247,https://ec.europa.eu/research/participants/documents/downloadPublic?documentIds=080166e5fa88c236&appId=PPGMS,1200bde51a739062e6f6bca57dfc19a4,en,projectDeliverable,corda,project
101052247,https://ec.europa.eu/research/participants/documents/downloadPublic?documentIds=080166e5ee35282e&appId=PPGMS,340774754c42a730125cf148654de40d,en,projectDeliverable,corda,project
101052247,https://ec.europa.eu/research/participants/documents/downloadPublic?documentIds=080166e5ee82f1b6&appId=PPGMS,5c6dc76ebc0948144936eccc69281739,en,projectDeliverable,corda,project
101052247,https://ec.europa.eu/research/participants/documents/downloadPublic?documentIds=080166e5f714233e&appId=PPGMS,48ed3c36798d965fca30d6b377b04dd8,en,projectDeliverable,corda,project
101052247,https://ec.europa.eu/research/participants/documents/downloadPublic?documentIds=080166e5f713b460&appId=PPGMS,8bd4e4c4808faf77eed1f2b81f2bdf09,en,projectDeliverable,corda,project
101052247,https://ec.europa.eu/research/participants/documents/downloadPublic?documentIds=080166e5ee3577ee&appId=PPGMS,16ee39e8c95ebef29b2d7002bd05ab55,en,projectDeliverable,corda,project
101052247,https://ec.europa.eu/research/participants/documents/downloadPublic?documentIds=080166e5fa38171f&appId=PPGMS,79f8309a0d1dc72d90fb902d3058eda1,en,projectDeliverable,corda,project
101052247,https://ec.europa.eu/research/participants/documents/downloadPublic?documentIds=080166e5f9f442c9&appId=PPGMS,9854bfeeedbc76390ac9723b5cff4ae5,en,projectDeliverable,corda,project
101052247,https://ec.europa.eu/research/participants/documents/downloadPublic?documentIds=080166e5ef5fab47&appId=PPGMS,ff48227e05101bdf2a69af99f6682513,en,projectDeliverable,corda,project
101052247,https://ec.europa.eu/research/participants/documents/downloadPublic?documentIds=080166e5ee831a63&appId=PPGMS,e99ab3fd565565764659d9f0df929271,en,projectDeliverable,corda,project
101052247,https://ec.europa.eu/research/participants/documents/downloadPublic?documentIds=080166e5f8698f01&appId=PPGMS,d12e8c5c69ae42cc704c482c4de7a3c6,en,projectDeliverable,corda,project
101123904,https://ec.europa.eu/research/participants/documents/downloadPublic?documentIds=080166e50b3e57f9&appId=PPGMS,d0023dbd73701f4224a93f7dbc090374,en,projectDeliverable,corda,project
101123904,https://ec.europa.eu/research/participants/documents/downloadPublic?documentIds=080166e5068def2b&appId=PPGMS,117bfcba9d81fbf4a676af10b7b93e5d,en,projectDeliverable,corda,project
101123904,https://ec.europa.eu/research/participants/documents/downloadPublic?documentIds=080166e50b3e5ac7&appId=PPGMS,377dfd28c26734f5b4c998c6896e105e,en,projectDeliverable,corda,project
101123904,https://ec.europa.eu/research/participants/documents/downloadPublic?documentIds=080166e50b3e5a9f&appId=PPGMS,291694cece7a179bc1d7a9ebc2f24ec6,en,projectDeliverable,corda,project
101123904,https://ec.europa.eu/research/participants/documents/downloadPublic?documentIds=080166e5068de2b6&appId=PPGMS,35cf172fccf22d0141f773364e03d909,en,projectDeliverable,corda,project
101113277,https://ec.europa.eu/research/participants/documents/downloadPublic?documentIds=080166e5097613da&appId=PPGMS,0a892486bd51732062273e8a6d89786b,en,projectDeliverable,corda,
101113277,https://ec.europa.eu/research/participants/documents/downloadPublic?documentIds=080166e50885fe54&appId=PPGMS,62a1ab809d5559c18f27136c66239812,en,projectDeliverable,corda,
101113277,https://ec.europa.eu/research/participants/documents/downloadPublic?documentIds=080166e510e5305f&appId=PPGMS,dc5e4cd79b2c7bb2de7a6e26f93f4400,en,projectDeliverable,corda,
101113277,https://ec.europa.eu/research/participants/documents/downloadPublic?documentIds=080166e50a0ae17e&appId=PPGMS,4db8ec2c1a1edb1e46f8f15b0eee945c,en,projectDeliverable,corda,
101113201,https://ec.europa.eu/research/participants/documents/downloadPublic?documentIds=080166e507e6375e&appId=PPGMS,f2f2bf22331f675f3f469836445008d8,en,projectDeliverable,corda,project
101113201,https://ec.europa.eu/research/participants/documents/downloadPublic?documentIds=080166e507f23654&appId=PPGMS,d41f59d172c208aaf56140b9369309db,en,projectDeliverable,corda,project
101113201,https://ec.europa.eu/research/participants/documents/downloadPublic?documentIds=080166e50ffee4de&appId=PPGMS,03edb9b610b85b5d6c7790d4cc3a9fa5,en,projectDeliverable,corda,
101113201,https://ec.europa.eu/research/participants/documents/downloadPublic?documentIds=080166e50ffbe791&appId=PPGMS,73f6f8b084d9da274eec1b8d1771d29f,en,projectDeliverable,corda,
101113201,https://ec.europa.eu/research/participants/documents/downloadPublic?documentIds=080166e507e68c1b&appId=PPGMS,4e6b5c0d62f8dea1b5ba21a35d4f930a,en,projectDeliverable,corda,project
101113201,https://ec.europa.eu/research/participants/documents/downloadPublic?documentIds=080166e507e631e6&appId=PPGMS,dfe70d62c169ad4a04472e56c15c064d,en,projectDeliverable,corda,project
101113201,https://ec.europa.eu/research/participants/documents/downloadPublic?documentIds=080166e507f1ab0b&appId=PPGMS,969f0656464d9255e5b03a7d9363226f,en,projectDeliverable,corda,project
101113201,https://ec.europa.eu/research/participants/documents/downloadPublic?documentIds=080166e506b97b22&appId=PPGMS,d927ff2be1888ce59ae6c59d323d5bb5,en,projectDeliverable,corda,project
101113201,https://ec.europa.eu/research/participants/documents/downloadPublic?documentIds=080166e506b95a51&appId=PPGMS,f2aa21bc5d282db68a2c6b9adaae75e1,en,projectDeliverable,corda,project
101113201,https://ec.europa.eu/research/participants/documents/downloadPublic?documentIds=080166e50ffb9da9&appId=PPGMS,0e9036275358b53e57e9c99256829c29,en,projectDeliverable,corda,
101113201,https://ec.europa.eu/research/participants/documents/downloadPublic?documentIds=080166e507f192a2&appId=PPGMS,30b8dc10ca106fbba3079fcd3909c0f1,en,projectDeliverable,corda,project
101113245,https://ec.europa.eu/research/participants/documents/downloadPublic?documentIds=080166e50aa59ac8&appId=PPGMS,a0dce1ea169f56946d73b92b3f1dbbd4,en,projectDeliverable,corda,
101113245,https://ec.europa.eu/research/participants/documents/downloadPublic?documentIds=080166e510c44409&appId=PPGMS,17c3afa38448f60190327fd2cd8086ad,en,projectDeliverable,corda,
101113245,https://ec.europa.eu/research/participants/documents/downloadPublic?documentIds=080166e503af69e3&appId=PPGMS,7d5ecadee7fe019053abab4b2fc0e4d2,en,projectDeliverable,corda,
101113245,https://ec.europa.eu/research/participants/documents/downloadPublic?documentIds=080166e5ff72defe&appId=PPGMS,5d952134f36bcfc910b7ee5a507c5623,en,projectDeliverable,corda,
101113245,https://ec.europa.eu/research/participants/documents/downloadPublic?documentIds=080166e5fb3d7e53&appId=PPGMS,3a348746ba064d4f96f5364f8d5e5259,en,projectDeliverable,corda,
101113245,https://ec.europa.eu/research/participants/documents/downloadPublic?documentIds=080166e5fb424197&appId=PPGMS,186177c985ea679a6a37ddd3b0e3799a,en,projectDeliverable,corda,
101113245,https://ec.europa.eu/research/participants/documents/downloadPublic?documentIds=080166e5fb42419b&appId=PPGMS,67f0c50b0640b9f16a43a6252deb13af,en,projectDeliverable,corda,
101113245,https://ec.europa.eu/research/participants/documents/downloadPublic?documentIds=080166e509d1c657&appId=PPGMS,3b64875518218a06b575ee8b93c5d7fb,en,projectDeliverable,corda,
101113245,https://ec.europa.eu/research/participants/documents/downloadPublic?documentIds=080166e50aa76fba&appId=PPGMS,04ddf0fb4d7dddd0a3d4fcbd8fe80934,en,projectDeliverable,corda,
101113245,https://ec.europa.eu/research/participants/documents/downloadPublic?documentIds=080166e50aa5bc2d&appId=PPGMS,22610e1e0aa070507ad5302a9a6ada78,en,projectDeliverable,corda,
101114169,https://ec.europa.eu/research/participants/documents/downloadPublic?documentIds=080166e51144846d&appId=PPGMS,ff59966f1cc77714a7a4bc05f1cc1f16,en,projectDeliverable,corda,
101100432,https://ec.europa.eu/research/participants/documents/downloadPublic?documentIds=080166e50f7f0800&appId=PPGMS,6579ba812c8bc4071d23857cb306be1d,en,projectDeliverable,corda,
101100432,https://ec.europa.eu/research/participants/documents/downloadPublic?documentIds=080166e515359d15&appId=PPGMS,a494c0d293e3efa14487ddff5cafafb4,en,projectDeliverable,corda,
101100432,https://ec.europa.eu/research/participants/documents/downloadPublic?documentIds=080166e502235ea7&appId=PPGMS,50c97f851857eb024f036c3f34e725ec,en,projectDeliverable,corda,project
101100432,https://ec.europa.eu/research/participants/documents/downloadPublic?documentIds=080166e50a3d9f6b&appId=PPGMS,3ac49757c854b585f2e49ca94fe36b80,en,projectDeliverable,corda,project
101100432,https://ec.europa.eu/research/participants/documents/downloadPublic?documentIds=080166e50a5c9eea&appId=PPGMS,9acb417b93c23db503fed50f98a6aaad,en,projectDeliverable,corda,project
101100432,https://ec.europa.eu/research/participants/documents/downloadPublic?documentIds=080166e509892b17&appId=PPGMS,50643573eb51c8e651fcaa9f28e618fb,en,projectDeliverable,corda,project
101100432,https://ec.europa.eu/research/participants/documents/downloadPublic?documentIds=080166e5153c1605&appId=PPGMS,22cd4445eb0871aff743e1e786900af1,en,projectDeliverable,corda,
101100432,https://ec.europa.eu/research/participants/documents/downloadPublic?documentIds=080166e5113bb0df&appId=PPGMS,d241e99d8d084a6507e55ed3e5df06c3,en,projectDeliverable,corda,
101100432,https://ec.europa.eu/research/participants/documents/downloadPublic?documentIds=080166e5113c5ed1&appId=PPGMS,4837b9432fddde3d63cd0b3d607f2410,en,projectDeliverable,corda,
101100432,https://ec.europa.eu/research/participants/documents/downloadPublic?documentIds=080166e50f2a40cf&appId=PPGMS,63ed89ef18c24b433fb65b03151a1986,en,projectDeliverable,corda,
101100432,https://ec.europa.eu/research/participants/documents/downloadPublic?documentIds=080166e515648138&appId=PPGMS,dea887f285d99659676ce57f12c877f0,en,projectDeliverable,corda,
101096195,https://ec.europa.eu/research/participants/documents/downloadPublic?documentIds=080166e50525ea6c&appId=PPGMS,fa52cd6db136f21ff583a5b3a77f7383,en,projectDeliverable,corda,project
101096195,https://ec.europa.eu/research/participants/documents/downloadPublic?documentIds=080166e50524e17b&appId=PPGMS,22424cac114e40c464f37652776da257,en,projectDeliverable,corda,project
101096195,https://ec.europa.eu/research/participants/documents/downloadPublic?documentIds=080166e507fdb4ca&appId=PPGMS,a06371e64bb201ded80a42b1d534cc87,en,projectDeliverable,corda,project
101096195,https://ec.europa.eu/research/participants/documents/downloadPublic?documentIds=080166e503aae064&appId=PPGMS,3a4c99098127c247033f7098fec1dbe9,en,projectDeliverable,corda,project
101096195,https://ec.europa.eu/research/participants/documents/downloadPublic?documentIds=080166e50524e6a5&appId=PPGMS,eaff936fc3f30f7741f24e246efbe155,en,projectDeliverable,corda,project
101096195,https://ec.europa.eu/research/participants/documents/downloadPublic?documentIds=080166e506728f6d&appId=PPGMS,3e43981c0f87c13f64f2e530439e08e5,en,projectDeliverable,corda,project
101096195,https://ec.europa.eu/research/participants/documents/downloadPublic?documentIds=080166e50d36ae6f&appId=PPGMS,186a039b4d07d942615b570bde1a0074,en,projectDeliverable,corda,
101096195,https://ec.europa.eu/research/participants/documents/downloadPublic?documentIds=080166e50524d002&appId=PPGMS,6141c189c7934e9009eb5203b14177af,en,projectDeliverable,corda,project
101096195,https://ec.europa.eu/research/participants/documents/downloadPublic?documentIds=080166e500c0b183&appId=PPGMS,bc5d7b4693af3e0f861d8d7363414b13,en,projectDeliverable,corda,project
101072248,https://ec.europa.eu/research/participants/documents/downloadPublic?documentIds=080166e500c73473&appId=PPGMS,521c3706142bc7c77782881c4d394b25,en,projectDeliverable,corda,project
