projectID,projectAcronym,organisationID,vatNumber,name,shortName,SME,activityType,street,postCode,city,country,nutsCode,geolocation,organizationURL,contactForm,contentUpdateDate,rcn,order,role,ecContribution,netEcContribution,totalCost,endOfParticipation
101116741,DOE,999981634,NL811383696B01,WAGENINGEN UNIVERSITY,WU,False,HES,DROEVENDAALSESTEEG 4,6708 PB,Wageningen,NL,NL221,"51.9863279,5.6679366",http://www.wageningenur.nl/nl.htm,https://ec.europa.eu/info/funding-tenders/opportunities/portal/screen/contact-form/project/999981634/101116741,2023-12-26 14:40:12,1906458,1,coordinator,1499998.0,1499998.0,1499998,False
101163161,IRASTRO,999997736,DK31119103,AARHUS UNIVERSITET,AU,False,HES,NORDRE RINGGADE 1,8000,Aarhus C,DK,DK042,"56.171028,10.199381",http://www.au.dk,https://ec.europa.eu/info/funding-tenders/opportunities/portal/screen/contact-form/project/999997736/101163161,2025-02-24 17:23:14,1905956,2,participant,4246240.0,4246240.0,4246240,False
101163161,IRASTRO,999854855,DE138408327,UNIVERSITAET POTSDAM,UP,False,HES,AM NEUEN PALAIS  10,14469,Potsdam,DE,DE404,"52.3979172,13.0146272",http://www.uni-potsdam.de,https://ec.europa.eu/info/funding-tenders/opportunities/portal/screen/contact-form/project/999854855/101163161,2025-02-24 17:23:14,1908936,3,participant,1982813.0,1982813.0,1982813,False
101163161,IRASTRO,999990267,DE129517720,MAX-PLANCK-GESELLSCHAFT ZUR FORDERUNG DER WISSENSCHAFTEN EV,MPG,False,REC,HOFGARTENSTRASSE 8,80539,Munchen,DE,DE212,"48.1411687,11.5822929",http://www.mpg.de,https://ec.europa.eu/info/funding-tenders/opportunities/portal/screen/contact-form/project/999990267/101163161,2025-02-24 17:23:14,1949732,1,coordinator,5856310.0,5856310.0,5856310,False
101160499,In-phase,999874546,ESQ2818014I,UNIVERSIDAD COMPLUTENSE DE MADRID,UCM,False,HES,AVENIDA DE SENECA 2,28040,Madrid,ES,ES300,"40.4343404,-3.7340644",http://www.ucm.es,https://ec.europa.eu/info/funding-tenders/opportunities/portal/screen/contact-form/project/999874546/101160499,2025-02-24 17:23:11,1906229,1,coordinator,1489128.0,1489128.0,1489128,False
101166905,mw-atlas,999983962,DE121689807,RHEINISCH-WESTFAELISCHE TECHNISCHE HOCHSCHULE AACHEN,RWTH AACHEN,False,HES,TEMPLERGRABEN 55,52062,Aachen,DE,DEA2D,"50.7777954,6.07779426513182",http://www.rwth-aachen.de,https://ec.europa.eu/info/funding-tenders/opportunities/portal/screen/contact-form/project/999983962/101166905,2025-02-24 17:23:01,1905639,2,participant,2885875.0,2885875.0,2885875,False
101166905,mw-atlas,999995893,EL090101655,IDRYMA TECHNOLOGIAS KAI EREVNAS,FOUNDATION FOR RESEARCH AND TECHNOLOGYHELLAS,False,REC,N PLASTIRA STR 100,70013,Irakleio,EL,EL431,"35.335976,25.126581",http://www.forth.gr,https://ec.europa.eu/info/funding-tenders/opportunities/portal/screen/contact-form/project/999995893/101166905,2025-02-24 17:23:01,1906526,3,participant,3251685.0,3251685.0,3251685,False
101166905,mw-atlas,999990267,DE129517720,MAX-PLANCK-GESELLSCHAFT ZUR FORDERUNG DER WISSENSCHAFTEN EV,MPG,False,REC,HOFGARTENSTRASSE 8,80539,Munchen,DE,DE212,"48.1411687,11.5822929",http://www.mpg.de,https://ec.europa.eu/info/funding-tenders/opportunities/portal/screen/contact-form/project/999990267/101166905,2025-02-24 17:23:01,1949732,1,coordinator,3820000.0,3820000.0,3820000,False
101162875,MAtCHLESS,999897341,IT00816350276,UNIVERSITA CA' FOSCARI  VENEZIA,UNIVE,False,HES,DORSODURO 3246,30123,Venezia,IT,ITH35,"45.43458557360008,12.325949378563257",http://www.unive.it,https://ec.europa.eu/info/funding-tenders/opportunities/portal/screen/contact-form/project/999897341/101162875,2025-02-24 17:23:12,1909514,1,coordinator,1450000.0,1450000.0,1450000,False
101162875,MAtCHLESS,999861354,ESQ2818013A,UNIVERSIDAD AUTONOMA DE MADRID,UAM,False,HES,CALLE EINSTEIN 3 CIUDAD UNIV CANTOBLANCO RECTORADO,28049,Madrid,ES,ES300,"40.4167047,-3.7035824",http://www.uam.es,https://ec.europa.eu/info/funding-tenders/opportunities/portal/screen/contact-form/project/999861354/101162875,2025-02-24 17:23:12,1907039,2,participant,50000.0,50000.0,50000,False
101167314,GWSky,999850878,IT00551830326,SCUOLA INTERNAZIONALE SUPERIORE DI STUDI AVANZATI DI TRIESTE,SISSA,False,HES,VIA BONOMEA   265,34136,Trieste,IT,ITH44,"45.67970335,13.7748282360935",http://www.sissa.it,https://ec.europa.eu/info/funding-tenders/opportunities/portal/screen/contact-form/project/999850878/101167314,2025-02-24 17:23:01,1908564,3,participant,2835524.25,2835524.25,"2835524,25",False
101167314,GWSky,999991043,DK29979812,KOBENHAVNS UNIVERSITET,UCPH,False,HES,NORREGADE 10,1165,Kobenhavn,DK,DK011,"55.68012,12.571506",http://www.ku.dk,https://ec.europa.eu/info/funding-tenders/opportunities/portal/screen/contact-form/project/999991043/101167314,2025-02-24 17:23:01,1906270,4,participant,2856335.25,2856335.25,"2856335,25",False
101167314,GWSky,999467340,,THE REGENTS OF THE UNIVERSITY OF CALIFORNIA,LOS ANGELES UCLA SANTA BARBARA UCSB DAVIS UCD RIVERSIDE UCR SAN DIEGO UCSD SANTA CRUZ UCSC IRVIN,False,HES,FRANKLIN STREET 1111 12 FLOOR,94607,Berkeley,US,US,"37.8044557,-122.2713562",http://www.universityofcalifornia.edu/,https://ec.europa.eu/info/funding-tenders/opportunities/portal/screen/contact-form/project/999467340/101167314,2025-02-24 17:23:01,1906292,2,participant,3025000.25,3025000.25,"3025000,25",False
101167314,GWSky,999990267,DE129517720,MAX-PLANCK-GESELLSCHAFT ZUR FORDERUNG DER WISSENSCHAFTEN EV,MPG,False,REC,HOFGARTENSTRASSE 8,80539,Munchen,DE,DE212,"48.1411687,11.5822929",http://www.mpg.de,https://ec.europa.eu/info/funding-tenders/opportunities/portal/screen/contact-form/project/999990267/101167314,2025-02-24 17:23:01,1949732,1,coordinator,3265398.25,3265398.25,"3265398,25",False
101165261,COLIBRI,999987745,IT02133771002,UNIVERSITA DEGLI STUDI DI ROMA LA SAPIENZA,UNIROMA1,False,HES,Piazzale Aldo Moro  5,00185,Roma,IT,ITI43,"41.902218,12.5123047",http://www.uniroma1.it,https://ec.europa.eu/info/funding-tenders/opportunities/portal/screen/contact-form/project/999987745/101165261,2025-02-24 17:22:59,1905616,1,coordinator,1495625.0,1495625.0,1495625,False
101072693,UAinEuratom21,969818320,UA143122220319,NATIONAL SCIENCE CENTER KHARKOV INSTITUTE OF PHYSICS AND TECHNOLOGY,NSC KIPT,False,REC,ACADEMICHNA STREET 1,61108,Kharkiv,UA,UA,"49.9902794,36.2303893",,https://ec.europa.eu/info/funding-tenders/opportunities/portal/screen/contact-form/project/969818320/101072693,2022-10-28 09:34:22,2548920,1,coordinator,100000.0,100000.0,100000,False
101172406,FisEurad25,999506722,PL5320100125,NARODOWE CENTRUM BADAN JADROWYCH,NCBJ,False,REC,ULICA ANDRZEJA SOLTANA 7,05 400,Otwock,PL,PL912,"52.1258002,21.3388563",http://www.ncbj.gov.pl,https://ec.europa.eu/info/funding-tenders/opportunities/portal/screen/contact-form/project/999506722/101172406,2024-07-04 16:19:47,1912951,1,coordinator,300000.0,300000.0,608440,False
101114128,Adsorbi,884902192,SE559363176401,ADSORBI AB,,True,PRC,STENA CENTER,412 92,Goteborg,SE,SE232,"57.7022449,11.896204686570243",,https://ec.europa.eu/info/funding-tenders/opportunities/portal/screen/contact-form/project/884902192/101114128,2023-06-28 17:05:44,1981641,1,coordinator,75000.0,75000.0,0,False
101114412,WTEU-M,905109620,,MEDSENSIO AS,,True,PRC,SYKEHUSVEGEN 21,9019,Troms,NO,NO,"69.6807613,18.986982",,https://ec.europa.eu/info/funding-tenders/opportunities/portal/screen/contact-form/project/905109620/101114412,2023-06-28 17:11:31,1966995,1,coordinator,75000.0,75000.0,0,False
101114020,Seedchrony,888744265,ESB06794424,MANINA MEDTECH SL,MANINA MEDTECH,True,PRC,BRUC 35 4 2A,08010,Barcelona,ES,ES511,"41.75786995,2.031182036159852",,https://ec.europa.eu/info/funding-tenders/opportunities/portal/screen/contact-form/project/888744265/101114020,2023-06-28 17:03:12,1981623,1,coordinator,75000.0,75000.0,0,False
101114248,ELIA,885089790,SK2121186540,INSTITUTE OF LANGUAGE TECHNOLOGY EDUCATION,,True,PRC,BERNOLAKOVA 783/51,02901,Namestovo,SK,SK031,"49.409971,19.481991249999997",,https://ec.europa.eu/info/funding-tenders/opportunities/portal/screen/contact-form/project/885089790/101114248,2023-08-29 01:53:34,1982165,1,coordinator,75000.0,75000.0,0,False
101052410,EUCYS2022,891247544,NL861144107B01,STICHTING LEIDEN EUROPEAN CITY OF SCIENCE 2022,,False,OTH,ZIJLDIJK 8,2362 AE,Warmond,NL,NL,"52.1915799,4.5348433",,https://ec.europa.eu/info/funding-tenders/opportunities/portal/screen/contact-form/project/891247544/101052410,2023-03-10 20:23:58,1977246,1,coordinator,2000000.0,2000000.0,2000000,False
101172981,EUCYS2024,999917614,PL6340197134,UNIWERSYTET SLASKI W KATOWICACH,UNIWERSYTET SLASKI W KATOWICACH,False,HES,UL. BANKOWA 12,40-007,KATOWICE,PL,PL22A,"50.341363650000005,19.284806373671188",http://www.us.edu.pl,https://ec.europa.eu/info/funding-tenders/opportunities/portal/screen/contact-form/project/999917614/101172981,2024-04-22 17:56:03,1906340,1,coordinator,999500.0,999500.0,999500,False
101157697,OA-Advance,999987939,,FONDATION EUROPEENNE DE LA SCIENCE,,False,OTH,QUAI LEZAY MARNESIA 1,67080,Strasbourg Cedex,FR,FR,"48.5849051,7.7546812",http://www.esf.org,https://ec.europa.eu/info/funding-tenders/opportunities/portal/screen/contact-form/project/999987939/101157697,2024-01-18 15:25:02,1908434,1,coordinator,132000.0,132000.0,132000,False
101146726,KTW.Science,999917614,PL6340197134,UNIWERSYTET SLASKI W KATOWICACH,UNIWERSYTET SLASKI W KATOWICACH,False,HES,UL. BANKOWA 12,40-007,KATOWICE,PL,PL22A,"50.341363650000005,19.284806373671188",http://www.us.edu.pl,https://ec.europa.eu/info/funding-tenders/opportunities/portal/screen/contact-form/project/999917614/101146726,2024-01-09 14:50:36,1906340,2,participant,734652.25,734652.25,"734652,25",False
101146726,KTW.Science,951604436,PL6340010147,KATOWICE - MIASTO NA PRAWACH POWIATU,,False,PUB,UL. MLYNSKA 4,40-098,KATOWICE,PL,PL22A,"50.25856295,19.0201705993139",,https://ec.europa.eu/info/funding-tenders/opportunities/portal/screen/contact-form/project/951604436/101146726,2024-01-09 14:50:36,2573817,1,coordinator,1265347.75,1265347.75,"1265347,75",False
101124648,RESAVER_2023,917704488,,RETIREMENT SAVINGS VEHICLE FOR EUROPEAN RESEARCH INSTITUTIONS,,False,OTH,RUE DE PASCALE 22,1040,Bruxelles / Brussel,BE,BE100,"50.8417625,4.3774036",,https://ec.europa.eu/info/funding-tenders/opportunities/portal/screen/contact-form/project/917704488/101124648,2023-10-13 14:43:57,1977248,1,coordinator,2499638.25,2499638.25,"2499638,25",False
101146604,EU TalentON,999917614,PL6340197134,UNIWERSYTET SLASKI W KATOWICACH,UNIWERSYTET SLASKI W KATOWICACH,False,HES,UL. BANKOWA 12,40-007,KATOWICE,PL,PL22A,"50.341363650000005,19.284806373671188",http://www.us.edu.pl,https://ec.europa.eu/info/funding-tenders/opportunities/portal/screen/contact-form/project/999917614/101146604,2024-01-09 14:50:36,1906340,1,coordinator,499691.5,499691.5,"499691,5",False
101054755,ERA Conference,953355965,SI14246821,"Ministrstvo za izobrazevanje, znanost in sport",MIZS,False,PUB,Masarykova  16,1000,Ljubljana,SI,SI041,"46.05749945,14.5156513028735",http://www.mizs.gov.si/,https://ec.europa.eu/info/funding-tenders/opportunities/portal/screen/contact-form/project/953355965/101054755,2023-03-10 20:12:48,1906770,1,coordinator,100000.0,100000.0,100000,False
101131799,CO-VALUE,899261102,IT03786281208,ART-ER-SOCIETA CONSORTILE PER AZIONI,ART-ER,False,OTH,VIA PIERO GOBETTI 101,40129,Bologna Bo,IT,ITH55,"45.020781,7.8338801",,https://ec.europa.eu/info/funding-tenders/opportunities/portal/screen/contact-form/project/899261102/101131799,2023-11-08 18:09:10,1958836,4,participant,196250.0,196250.0,196250,False
101131799,CO-VALUE,896926700,BE0745750648,STICKYDOT SRL,STICKYDOT SRL,True,PRC,RUE DU MONASTERE 10,1000,BRUXELLES,BE,BE100,"50.829915150000005,4.350155933524583",,https://ec.europa.eu/info/funding-tenders/opportunities/portal/screen/contact-form/project/896926700/101131799,2023-11-08 18:09:10,1967836,1,coordinator,355750.0,355750.0,355750,False
101131799,CO-VALUE,940963536,IT12520270153,FONDAZIONE GIANNINO BASSETTI ETS,FGB,False,REC,VIA MICHELE BAROZZI 4,20122,Milano,IT,ITC4C,"45.4698524,9.2027289",,https://ec.europa.eu/info/funding-tenders/opportunities/portal/screen/contact-form/project/940963536/101131799,2023-11-08 18:09:10,2517504,2,participant,259000.0,259000.0,259000,False
101131799,CO-VALUE,893802233,ESG54519301,FUNDACION PARQUE CIENTIFICO DE ALICANTE DE LA COMUNITAT VALENCIANA,,False,OTH,CTRA SAN VICENTE,03690,SAN VICENTE DEL RASPEIG,ES,ES,"38.3964248,-0.5250339",,https://ec.europa.eu/info/funding-tenders/opportunities/portal/screen/contact-form/project/893802233/101131799,2023-11-08 18:09:10,1984949,3,participant,235625.0,235625.0,235625,False
101052247,Leiden2022-ECS-ESOF,891247544,NL861144107B01,STICHTING LEIDEN EUROPEAN CITY OF SCIENCE 2022,,False,OTH,ZIJLDIJK 8,2362 AE,Warmond,NL,NL,"52.1915799,4.5348433",,https://ec.europa.eu/info/funding-tenders/opportunities/portal/screen/contact-form/project/891247544/101052247,2022-09-14 19:17:24,1977246,1,coordinator,2000000.0,2000000.0,"3709149,25",False
101056649,RESAVER Pension Fund,917704488,,RETIREMENT SAVINGS VEHICLE FOR EUROPEAN RESEARCH INSTITUTIONS,,False,OTH,RUE DE PASCALE 22,1040,Bruxelles / Brussel,BE,BE100,"50.8417625,4.3774036",,https://ec.europa.eu/info/funding-tenders/opportunities/portal/screen/contact-form/project/917704488/101056649,2023-03-10 20:32:45,1977248,1,coordinator,850000.0,850000.0,1161350,False
101123904,EUCYS2023,924629221,,JEUNESSES SCIENTIFIQUES DE BELGIQUE,JSB,False,OTH,AVENUE LATERALE 17,1180,Bruxelles / Brussel,BE,BE100,"50.7964425,4.3732189",,https://ec.europa.eu/info/funding-tenders/opportunities/portal/screen/contact-form/project/924629221/101123904,2023-12-06 16:16:47,2471370,1,coordinator,1000000.0,1000000.0,1043750,False
101113277,EIT-CKIC BP2023-2024,878875582,,STICHTING CLIMATE-KIC INTERNATIONAL FOUNDATION,,False,OTH,PLANTAGE MIDDENLAAN 45,1018 DC,Amsterdam,NL,NL32B,,,https://ec.europa.eu/info/funding-tenders/opportunities/portal/screen/contact-form/project/878875582/101113277,2024-09-06 18:26:05,1991450,1,coordinator,22712147.0,22712147.0,22712147,False
101113201,XKIC SO,895840203,SE559230836401,EIT Manufacturing North AB,EIT MANUFACTORING NORTH AB,False,PRC,FORSKNINGSGANGEN 6,417 56,Goteborg,SE,SE232,"57.7066445,11.9370386",,https://ec.europa.eu/info/funding-tenders/opportunities/portal/screen/contact-form/project/895840203/101113201,2023-07-07 17:06:31,1983330,2,thirdParty,0.0,300000.0,0,False
101113201,XKIC SO,890162114,IL516069168,EIT KIC ISRAEL LTD,EIT KIC ISRAEL LTD,False,PRC,121 MENACHEM BEGIN ROAD,6701203,TEL AVIV,IL,IL,"32.0523573,34.7626219",,https://ec.europa.eu/info/funding-tenders/opportunities/portal/screen/contact-form/project/890162114/101113201,2023-07-07 17:06:31,1982006,4,participant,2672900.0,2672900.0,2672900,False
101113201,XKIC SO,896554802,ESB75233270,EIT MANUFACTURING WEST SL,EIT MANUFACTURING WEST,False,OTH,PALACIO MIRAMAR PASEO MIRACONCHA 48,20007,DONOSTIA SAN SEBASTIAN,ES,ES212,"43.2874179,-1.9862174",,https://ec.europa.eu/info/funding-tenders/opportunities/portal/screen/contact-form/project/896554802/101113201,2023-07-07 17:06:31,1976847,2,thirdParty,0.0,30000.0,0,False
101113201,XKIC SO,898679684,,EIT MANUFACTURING ASBL,EIT MANUFACTURING ASBL,False,OTH,"NANO-INNOV, AVENUE DE LA VAUVE 8",91120,Palaiseau,FR,FR104,"48.7124209,2.193836514835258",,https://ec.europa.eu/info/funding-tenders/opportunities/portal/screen/contact-form/project/898679684/101113201,2023-07-07 17:06:31,1981605,2,participant,330000.0,0.0,330000,False
101113201,XKIC SO,889782650,BE0679531322,EIT FOOD CLC WEST,,True,OTH,"PHILIPSSITE 5, AA TOREN",3001,Leuven,BE,BE242,"50.879202,4.7011675",,https://ec.europa.eu/info/funding-tenders/opportunities/portal/screen/contact-form/project/889782650/101113201,2023-07-07 17:06:31,1981717,7,participant,20000.0,20000.0,20000,False
101113201,XKIC SO,888152662,,EIT DIGITAL SILICON VALLEY FOUNDATION,,True,OTH,845 MARKET STREET,94103,San Francisco,US,US,"37.78411475,-122.40637791271061",,https://ec.europa.eu/info/funding-tenders/opportunities/portal/screen/contact-form/project/888152662/101113201,2023-07-07 17:06:31,1982007,5,thirdParty,0.0,753750.0,0,False
101113201,XKIC SO,890606180,DE308993820,EIT HEALTH EV,,False,OTH,MIES-VAN-DER-ROHE-STRASSE 1 C,80807,Munchen,DE,DE212,"48.17716115,11.590836696981079",,https://ec.europa.eu/info/funding-tenders/opportunities/portal/screen/contact-form/project/890606180/101113201,2023-07-07 17:06:31,1971020,1,coordinator,136250.0,136250.0,136250,False
101113201,XKIC SO,917561607,NL855175588B01,CLIMATE-KIC HOLDING BV,,False,PRC,PLANTAGE MIDDENLAAN 45,1018 DC,Amsterdam,NL,NL,"52.0949753,5.109708",,https://ec.europa.eu/info/funding-tenders/opportunities/portal/screen/contact-form/project/917561607/101113201,2023-07-07 17:06:31,1953833,3,participant,20000.0,20000.0,20000,False
101113201,XKIC SO,912334762,DE308252541,EIT HEALTH INNOSTARS EV,,False,OTH,MIES VAN DER ROHE STRASSE 1/C,80807,Munchen,DE,DE212,"48.2518439,11.6335051",,https://ec.europa.eu/info/funding-tenders/opportunities/portal/screen/contact-form/project/912334762/101113201,2023-07-07 17:06:31,1954239,6,participant,1899600.0,1899600.0,1899600,False
101113201,XKIC SO,954616286,BE0831431639,EIT DIGITAL,,True,OTH,GUIMARDSTRAAT 7,1040,Bruxelles / Brussel,BE,BE100,"50.8390384,4.37168431305417",,https://ec.europa.eu/info/funding-tenders/opportunities/portal/screen/contact-form/project/954616286/101113201,2023-07-07 17:06:31,2372599,5,participant,816250.0,62500.0,816250,False
101113245,EIT Digital BP,897714437,GB267089763,EIT DIGITAL UK,EIT DIGITAL UK LTD,False,OTH,46 WICKLOW STREET,WC1X 9JH,London,UK,UKI31,"51.5294837,-0.1177857",,https://ec.europa.eu/info/funding-tenders/opportunities/portal/screen/contact-form/project/897714437/101113245,2023-06-28 16:59:04,1981607,1,thirdParty,0.0,1375000.0,0,False
101113245,EIT Digital BP,888552011,BE0700827077,EIT DIGITAL ACCELERATOR,,False,OTH,RUE GUIMARD 7,1040,Bruxelles / Brussel,BE,BE100,"50.8437305,4.3691963",,https://ec.europa.eu/info/funding-tenders/opportunities/portal/screen/contact-form/project/888552011/101113245,2023-06-28 16:59:04,1973441,1,thirdParty,0.0,1125000.0,0,False
101113245,EIT Digital BP,887518282,SE802506144401,EIT DIGITAL SWEDEN,,False,OTH,TORSGATAN 11,111 23,Stockholm,SE,SE110,"59.3409008,18.0379812",,https://ec.europa.eu/info/funding-tenders/opportunities/portal/screen/contact-form/project/887518282/101113245,2023-06-28 16:59:04,1981597,1,thirdParty,0.0,53000.0,0,False
101113245,EIT Digital BP,893135746,ESG87900874,EIT DIGITAL SPAIN,,False,OTH,EDIFICIO IMDEA SOFTWARE CAMPUS DE MONTEGANCEDO S/N,28223,POZUELO DE ALARCON,ES,ES300,"40.4346528,-3.814834",,https://ec.europa.eu/info/funding-tenders/opportunities/portal/screen/contact-form/project/893135746/101113245,2023-06-28 16:59:04,1981603,1,thirdParty,0.0,2412500.0,0,False
101113245,EIT Digital BP,887937031,FI28441107,EIT DIGITAL FINLAND RY,,False,OTH,MAARINTIE 6,02150,Espoo,FI,FI1B1,"60.18734895,24.815590277118197",,https://ec.europa.eu/info/funding-tenders/opportunities/portal/screen/contact-form/project/887937031/101113245,2023-06-28 16:59:04,1981600,1,thirdParty,0.0,1512500.0,0,False
101113245,EIT Digital BP,885012675,BE0649778254,EIT DIGITAL EDUCATION FOUNDATION,,False,OTH,RUE GUIMARD 7,1040,Bruxelles / Brussel,BE,BE100,"50.8437305,4.3691963",,https://ec.europa.eu/info/funding-tenders/opportunities/portal/screen/contact-form/project/885012675/101113245,2023-06-28 16:59:04,1981595,1,thirdParty,0.0,1960000.0,0,False
101113245,EIT Digital BP,888415726,HU26161734,EIT DIGITAL HUNGARY NON PROFIT KFT,,False,OTH,BOGDANFY UTCA 10/A,1117,Budapest,HU,HU110,"47.47416305,19.05759147801224",,https://ec.europa.eu/info/funding-tenders/opportunities/portal/screen/contact-form/project/888415726/101113245,2023-06-28 16:59:04,1981601,1,thirdParty,0.0,945000.0,0,False
101113245,EIT Digital BP,954616286,BE0831431639,EIT DIGITAL,,True,OTH,GUIMARDSTRAAT 7,1040,Bruxelles / Brussel,BE,BE100,"50.8390384,4.37168431305417",,https://ec.europa.eu/info/funding-tenders/opportunities/portal/screen/contact-form/project/954616286/101113245,2023-06-28 16:59:04,2372599,1,coordinator,33696216.0,24313216.0,33696216,False
101071749,CanceRusolution,888729812,PT516289292,"SOMETHING IN HANDS - INVESTIGACAOCIENTIFICA, LDA",,True,PRC,"EDIFICIO TEC LABS, CAMPUS DA FCUL",1749-016,Lisboa,PT,PT,"38.7051749,-9.2306212",,https://ec.europa.eu/info/funding-tenders/opportunities/portal/screen/contact-form/project/888729812/101071749,2022-08-10 17:33:01,1975338,1,coordinator,75000.0,75000.0,0,False
101071876,THRUST,904916008,LT100012301611,UAB AERODIAGNOSTIKA,THRUST,True,PRC,SKLANDYTUVU STR  1 - TRAKU R. SAV PALUKNIO SEN,11351,Vilnius,LT,LT011,"54.6871535344954,25.279598361123462",,https://ec.europa.eu/info/funding-tenders/opportunities/portal/screen/contact-form/project/904916008/101071876,2022-08-10 17:33:04,1975337,1,coordinator,75000.0,75000.0,0,False
101113634,ChroWoDoc,888976774,DE343530941,CUREVISION GMBH,,True,PRC,AGNES-POCKELS-BOGEN 1,80992,Munchen,DE,DE212,"48.17391245,11.532224230456428",,https://ec.europa.eu/info/funding-tenders/opportunities/portal/screen/contact-form/project/888976774/101113634,2023-07-11 15:46:59,1982181,1,coordinator,75000.0,75000.0,0,False
101177609,BECORI,999807713,,SERVICE PUBLIC FEDERAL DE PROGRAMMATION POLITIQUE SCIENTIFIQUE,PROGRAMMATORISCHE FEDERALE OVERHEIDSDIENST WETENSCHAPSBELEID,False,PUB,WTC IIIBoulevard Simon Bolivar 30,1000,Bruxelles / Brussel,BE,BE100,"50.83879505,4.375304132256188",http://www.belspo.be,https://ec.europa.eu/info/funding-tenders/opportunities/portal/screen/contact-form/project/999807713/101177609,2024-05-10 15:05:02,1906834,1,coordinator,100000.0,100000.0,180250,False
101114214,MARIANAS,894819666,NL861071220B01,ALPHA BRAIN TECHNOLOGIES,ALPHA BRAIN,True,PRC,AVENUE CERAMIQUE 221,6221 KX,MAASTRICHT,NL,NL423,"50.8492658,5.7031945",,https://ec.europa.eu/info/funding-tenders/opportunities/portal/screen/contact-form/project/894819666/101114214,2023-06-28 17:05:14,1980799,1,coordinator,75000.0,75000.0,0,False
101148217,EOSC Track,903914192,EL997032008,OPENAIRE AMKE,,False,OTH,6 ARTEMIDOS STR & EPIDAVROU,15125,Marousi,EL,EL301,"38.045574349999995,23.805270162605616",,https://ec.europa.eu/info/funding-tenders/opportunities/portal/screen/contact-form/project/903914192/101148217,2024-01-18 14:47:18,1962030,1,coordinator,600000.0,600000.0,600000,False
101114169,DAICAR,884736710,DE351337494,RELIOS.VISION GMBH,,False,PRC,LENNESTRASSE 44,53113,BONN,DE,DEA22,"50.72807345,7.106609493046848",,https://ec.europa.eu/info/funding-tenders/opportunities/portal/screen/contact-form/project/884736710/101114169,2023-06-28 17:05:11,1981633,1,coordinator,75000.0,75000.0,0,False
101071680,BioRevolution,902045390,SK2022617421,EKOLIVE SRO,EKOLIVE,True,PRC,AMERICKA TRIEDA 3,040 13,Kosice,SK,SK042,"48.752058,21.2708325",,https://ec.europa.eu/info/funding-tenders/opportunities/portal/screen/contact-form/project/902045390/101071680,2023-04-05 12:31:30,1975341,1,coordinator,70000.0,70000.0,0,False
101100432,Ecosys4you,889421810,DE321457114,AWARE7 GMBH,,True,PRC,MUNSCHEIDSTR 14,45886,Gelsenkirchen,DE,DEA32,"51.49909385,7.107531714067031",,https://ec.europa.eu/info/funding-tenders/opportunities/portal/screen/contact-form/project/889421810/101100432,2023-08-10 18:11:37,1983527,3,participant,195400.0,195400.0,0,False
101100432,Ecosys4you,946954644,SI58761535,DOBA FAKULTETA ZA UPORABNE POSLOVNEIN DRUZBENE STUDIJE MARIBOR,DOBA FAKULTETA,False,OTH,PRESERNOVA ULICA 1,2000,Maribor,SI,SI032,"46.5607164,15.6515603",,https://ec.europa.eu/info/funding-tenders/opportunities/portal/screen/contact-form/project/946954644/101100432,2023-08-10 18:11:37,1983528,4,participant,191843.75,191843.75,0,False
101100432,Ecosys4you,990997106,DE811358679,"WESTFALISCHE HOCHSCHULE GELSENKIRCHEN, BOCHOLT, RECKLINGHAUSEN",WH Gelsenkirchen,False,HES,NEIDENBURGER STRASSE 43,45897,Gelsenkirchen,DE,DEA32,"51.5741487,7.02597404132636",http://www.w-hs.de,https://ec.europa.eu/info/funding-tenders/opportunities/portal/screen/contact-form/project/990997106/101100432,2023-08-10 18:11:37,1921492,1,coordinator,338915.0,338915.0,0,False
101100432,Ecosys4you,952522444,BG103792060,REGIONALNA AGENCIJA ZA PREDPRIEMACHESTVO I INOVACII-VARNA,REGIONAL AGENCY FOR ENTREPRENEURSHIP AND INNOVATIONS VARNA,False,REC,6 ASEN ZLATAROV ST OFFICE 3,9010,Varna,BG,BG331,"43.2069025,27.9150855",,https://ec.europa.eu/info/funding-tenders/opportunities/portal/screen/contact-form/project/952522444/101100432,2023-08-10 18:11:37,1980699,2,participant,173500.0,173500.0,0,False
101096195,INFIMO,998243976,EE100901067,BALTIC INNOVATION AGENCY OU,BIA,True,PRC,LAI 30,51005,Tartu,EE,EE008,"58.3835993,26.7195368",https://www.bia.ee,https://ec.europa.eu/info/funding-tenders/opportunities/portal/screen/contact-form/project/998243976/101096195,2023-09-20 17:54:13,1939089,4,participant,120000.0,120000.0,0,False
101096195,INFIMO,907730560,PT513939199,MOBINOV - ASSOCIACAO DO CLUSTERAUTOMOVEL,,True,OTH,AVENIDA DOM AFONSO HENRIQUES  1825,4450-017,Matosinhos,PT,PT11A,"41.1724209,-8.6799149",,https://ec.europa.eu/info/funding-tenders/opportunities/portal/screen/contact-form/project/907730560/101096195,2023-09-20 17:54:13,1984171,2,participant,125000.0,125000.0,0,False
101096195,INFIMO,935207556,EE100556467,EESTI INFOTEHNOLOOGIA JA TELEKOMMUNIKATSIOONI LIIT,ITL,False,OTH,LOOTSA  2B,11415,TALLINN,EE,EE001,"59.4339351,24.748271615508955",,https://ec.europa.eu/info/funding-tenders/opportunities/portal/screen/contact-form/project/935207556/101096195,2023-09-20 17:54:13,2924608,1,coordinator,140000.0,140000.0,0,False
101096195,INFIMO,882600576,,GEORGIAN ICT CLUSTER,,False,OTH,DIDUBI DISTRICT NODAR BOKHUA ST 4,,TBILISI,GE,GE,"41.6934591,44.8014495",,https://ec.europa.eu/info/funding-tenders/opportunities/portal/screen/contact-form/project/882600576/101096195,2023-09-20 17:54:13,1984172,3,participant,115000.0,115000.0,0,False
101072248,Food-scalEUp,951845578,ESG27407212,ASOCIACION CLUSTER ALIMENTARIO DE GALICIA,CLUSAGA,False,OTH,EDIFICIO FEUGA OFC 21. RUA LOPE GOMEZ DE MARZOA S/N CAMPUS VIDA,15706,Santiago De Compostela,ES,ES111,"42.8804219,-8.5458608",,https://ec.europa.eu/info/funding-tenders/opportunities/portal/screen/contact-form/project/951845578/101072248,2023-03-10 21:28:06,2900201,1,coordinator,101737.5,101737.5,0,False
101072248,Food-scalEUp,928145568,NL854887994B01,AGRIFOOD CAPITAL BV,.,True,PRC,ONDERWIJSBOULEVARD 225,5201AH,'S-Hertogenbosch,NL,NL413,"51.685742,5.2854763",,https://ec.europa.eu/info/funding-tenders/opportunities/portal/screen/contact-form/project/928145568/101072248,2023-03-10 21:28:06,2592725,2,participant,223661.25,223661.25,0,False
101072248,Food-scalEUp,970814413,FR28345349849,TECHNOPOLE QUIMPER CORNOUAILLE,TQC,False,OTH,2 RUE FCOIS BRIANT DE LAUBRIERE,29000,Quimper,FR,FRH02,"47.9709224,-4.0938184",,https://ec.europa.eu/info/funding-tenders/opportunities/portal/screen/contact-form/project/970814413/101072248,2023-03-10 21:28:06,1971702,8,thirdParty,0.0,24062.5,0,False
101072248,Food-scalEUp,888735341,FR35432789014,NORMANDIE INCUBATION,,False,OTH,75 ROUTE DE LYONS LA FORET,76000,Rouen,FR,FRD22,"49.4373012,1.1119856",,https://ec.europa.eu/info/funding-tenders/opportunities/portal/screen/contact-form/project/888735341/101072248,2023-03-10 21:28:06,1976209,8,thirdParty,0.0,19437.5,0,False
101072248,Food-scalEUp,983728314,HU14198418,KDRIU KOZEP-DUNANTULI REGIONALIS INNOVACIOS UGYNOKSEG NONPROFIT KFT,CENTRAL TRANSDANUBIAN REGIONAL INNOVATION AGENCY NONPROFIT CTRIA,False,OTH,SEREGELYESI UTCA 113,8000,Szekesfehervar,HU,HU211,"47.1140704,18.5863322",,https://ec.europa.eu/info/funding-tenders/opportunities/portal/screen/contact-form/project/983728314/101072248,2023-03-10 21:28:06,2517643,4,participant,86687.5,86687.5,0,False
101072248,Food-scalEUp,997817370,NL813807463B01,Stichting Food Valley,Foodvalley NL,False,OTH,BRONLAND 10 F,6708 WH,Wageningen,NL,NL221,"51.9742707,5.6480695",http://www.foodvalley.nl,https://ec.europa.eu/info/funding-tenders/opportunities/portal/screen/contact-form/project/997817370/101072248,2023-03-10 21:28:06,1908186,6,participant,180700.19,180700.19,0,False
101072248,Food-scalEUp,922332455,FR34487722183,POLE EUROPEEN INNOVATION ALIMENTATION BIEN-ETRE NATURALITE,Innov'Alliance,False,OTH,100 RUE PIERRE BAYLE,84916,Avignon,FR,FRL06,"43.926263,4.8797068",,https://ec.europa.eu/info/funding-tenders/opportunities/portal/screen/contact-form/project/922332455/101072248,2023-03-10 21:28:06,1971348,7,participant,87531.25,87531.25,0,False
101072248,Food-scalEUp,957092405,ESB71069876,CENTRO EUROPEO DE EMPRESAS E INNOVACION DE NAVARRA SL,CEIN,False,PRC,PLAZA CEIN 1 POLIGONO MOCHOLI,31110,Noain (Valle de Elorz),ES,ES220,"42.755023,-1.6379465",,https://ec.europa.eu/info/funding-tenders/opportunities/portal/screen/contact-form/project/957092405/101072248,2023-03-10 21:28:06,2966426,3,participant,87312.5,87312.5,0,False
101072248,Food-scalEUp,954388142,FR16490006624,ASSOCIATION DU POLE DE COMPETIVITE VALORIAL,VALORIAL,False,OTH,8 RUE JULES MAILLARD DE LA GOURNERIE,35000,Rennes,FR,FRH03,"48.1151718,-1.7141108",,https://ec.europa.eu/info/funding-tenders/opportunities/portal/screen/contact-form/project/954388142/101072248,2023-03-10 21:28:06,1976159,8,participant,129593.75,86093.75,0,False
101072248,Food-scalEUp,998511696,DE215696721,FOOD-PROCESSING INITIATIVE E. V,FPI,True,OTH,RITTERSTRASSE 19,33602,Bielefeld,DE,DEA41,"52.0225746,8.53055",http://www.foodprocessing.de,https://ec.europa.eu/info/funding-tenders/opportunities/portal/screen/contact-form/project/998511696/101072248,2023-03-10 21:28:06,1953437,5,participant,96562.5,96562.5,0,False
101134907,Add4Kids,999565601,ESG62978689,FUNDACIO PRIVADA PER A LA RECERCA I LA DOCENCIA SANT JOAN DE DEU,FSJD-CERCA,False,REC,SANTA ROSA 39-4,08950,Esplugues De Llobregat,ES,ES511,"41.3776796,2.0899722",https://www.fsjd.org,https://ec.europa.eu/info/funding-tenders/opportunities/portal/screen/contact-form/project/999565601/101134907,2023-11-21 10:11:11,2113591,1,coordinator,152500.0,118125.0,0,False
101134907,Add4Kids,883625963,ESG72675416,ASOCIACION EUROPEAN CHILDRENS HOSPITALS ORGANISATION ECHO,EUROPEAN CHILDRENS HOSPITALS ORGANISATION ECHO,False,OTH,PASEO SANT JOAN DE DEU 2,08950,ESPLUGUES DE LLOBREGAT,ES,ES511,"41.3842368,2.1017072",,https://ec.europa.eu/info/funding-tenders/opportunities/portal/screen/contact-form/project/883625963/101134907,2023-11-21 10:11:11,1985219,7,participant,12500.0,12500.0,0,False
101134907,Add4Kids,997929890,ESR5800645C,HOSPITAL SANT JOAN DE DEU,HSJD,False,REC,PASEO SANT JOAN DE DEU 2,08950,Esplugues De Llobregat,ES,ES511,"41.3842368,2.1017072",http://www.hsjdbcn.org,https://ec.europa.eu/info/funding-tenders/opportunities/portal/screen/contact-form/project/997929890/101134907,2023-11-21 10:11:11,2127579,1,thirdParty,0.0,34375.0,0,False
101134907,Add4Kids,902685493,ESB66845488,CARTAGO VENTURES SL,INVENIAM,True,PRC,AV DIAGONAL 580 PLANTA 4 PTA 2,08021,Barcelona,ES,ES511,"41.370449300000004,2.1500219563810696",,https://ec.europa.eu/info/funding-tenders/opportunities/portal/screen/contact-form/project/902685493/101134907,2023-11-21 10:11:11,1963743,5,participant,49929.07,49929.07,0,False
101134907,Add4Kids,949799169,ESQ0801969G,AGENCIA DE QUALITAT I AVALUACIO SANITARIES DE CATALUNYA,AQUAS,False,OTH,CALLE ROC BORONAT 81 95 2 PISO,08005,Barcelona,ES,ES511,"41.3825596,2.1771353",http://www.aatrm.net,https://ec.europa.eu/info/funding-tenders/opportunities/portal/screen/contact-form/project/949799169/101134907,2023-11-21 10:11:11,1934022,3,participant,83750.0,83750.0,0,False
101134907,Add4Kids,890606180,DE308993820,EIT HEALTH EV,,False,OTH,MIES-VAN-DER-ROHE-STRASSE 1 C,80807,Munchen,DE,DE212,"48.17716115,11.590836696981079",,https://ec.europa.eu/info/funding-tenders/opportunities/portal/screen/contact-form/project/890606180/101134907,2023-11-21 10:11:11,1971020,2,participant,109000.0,109000.0,0,False
101134907,Add4Kids,999516228,PL9521143675,INSTYTUT POMNIK CENTRUM ZDROWIA DZIECKA,,False,REC,Aleja Dzieci Polskich  20,04730,Warszawa,PL,PL911,"52.2071861,21.1912064",http://www.czd.pl,https://ec.europa.eu/info/funding-tenders/opportunities/portal/screen/contact-form/project/999516228/101134907,2023-11-21 10:11:11,1909054,4,participant,50000.0,50000.0,0,False
101134907,Add4Kids,906160809,BE0693876830,SCIENSANO,Sciensano,False,REC,JULIETTE WYTSMANSTRAAT 14,1050,Elsene,BE,BE100,"50.82433,4.3817642",http://www.sciensano.be,https://ec.europa.eu/info/funding-tenders/opportunities/portal/screen/contact-form/project/906160809/101134907,2023-11-21 10:11:11,1946724,6,participant,50005.0,50005.0,0,False
101070806,SDG-INOV-ECOS,888991712,IL580335057,MATAN INVESTING IN THE COMMUNITY,,False,OTH,YAVETZ ST 33,65162,Tel Aviv,IL,IL,"32.0523573,34.7626219",,https://ec.europa.eu/info/funding-tenders/opportunities/portal/screen/contact-form/project/888991712/101070806,2023-03-10 20:14:55,1976699,1,coordinator,155950.0,155950.0,0,False
101070806,SDG-INOV-ECOS,889093562,,SOCIAL IMPACT AGENDA PER L ITALIA,SIA,False,OTH,VIA BRUXELLES 59,00198,Roma,IT,ITI43,"44.0298459,12.6156351",,https://ec.europa.eu/info/funding-tenders/opportunities/portal/screen/contact-form/project/889093562/101070806,2023-03-10 20:14:55,1976705,2,participant,65850.0,65850.0,0,False
101070806,SDG-INOV-ECOS,889869853,,FAIR FINANCER ACCOMPAGNER IMPACTER RASSEMBLER,FAIR,False,OTH,34 BIS RUE VIGNON,75009,Paris,FR,FR101,"48.8721795,2.3265878",,https://ec.europa.eu/info/funding-tenders/opportunities/portal/screen/contact-form/project/889869853/101070806,2023-03-10 20:14:55,1976707,3,participant,65850.0,65850.0,0,False
101070806,SDG-INOV-ECOS,888767836,GB332211457,THE GLOBAL STEERING GROUP FOR IMPACT INVESTMENT,,False,OTH,"THIRD FLOOR, 20 OLD BAILEY",EC4M 7AN,London,UK,UKI31,"51.5073219,-0.1276474",,https://ec.europa.eu/info/funding-tenders/opportunities/portal/screen/contact-form/project/888767836/101070806,2023-03-10 20:14:55,1976696,5,associatedPartner,,0.0,0,False
101070806,SDG-INOV-ECOS,888916731,PT514933879,"MAZE IMPACT, S.A.",,True,PRC,AVENIDA ESTADOS UNIDOS AMERICA 119 9 ESQ,1700-171,Lisboa,PT,PT,"38.7051749,-9.2306212",,https://ec.europa.eu/info/funding-tenders/opportunities/portal/screen/contact-form/project/888916731/101070806,2023-03-10 20:14:55,1976708,4,participant,65850.0,65850.0,0,False
101070768,CAFEIN,902190502,,"CONFINDUSTRIA EMILIA AREA CENTRO, LE IMPRESE DI BOLOGNA, FERRARA E MODENA",Confindustria Emilia Area Centro,False,OTH,VIA SAN DOMENICO 4,40124,Bologna,IT,ITH55,"44.4885583,11.3457856",,https://ec.europa.eu/info/funding-tenders/opportunities/portal/screen/contact-form/project/902190502/101070768,2023-03-10 21:34:00,1963665,2,participant,89600.0,89600.0,0,False
101070768,CAFEIN,886316549,PL5223002197,ZWIAZEK PRACODAWCOW KLASTRY POLSKIE,POLISH CLUSTERS ASSOCIATION,False,OTH,KSIECIA BOLESLAWA 1/3,01-452,Warsaw,PL,PL911,"53.9054819,19.9408729",,https://ec.europa.eu/info/funding-tenders/opportunities/portal/screen/contact-form/project/886316549/101070768,2023-03-10 21:34:00,1975806,4,participant,59600.0,59600.0,0,False
101070768,CAFEIN,937668252,,ASSOCIATION FRANCAISE DES POLES DE COMPETITIVITE,THE FRENCH COMPETITIVENESS CLUSTERS ALLIANCE,False,OTH,17 RUE DE L'AMIRAL HAMELIN,75116,Paris,FR,FR101,"48.8670444,2.2920998",,https://ec.europa.eu/info/funding-tenders/opportunities/portal/screen/contact-form/project/937668252/101070768,2023-03-10 21:34:00,2381458,1,coordinator,167600.0,167600.0,0,False
101070768,CAFEIN,888827588,SE802535868301,CLUSTERS OF SWEDEN,,True,OTH,MARTENSTORGET 10A,22351,Lund,SE,SE224,"55.7012513,13.1967693",,https://ec.europa.eu/info/funding-tenders/opportunities/portal/screen/contact-form/project/888827588/101070768,2023-03-10 21:34:00,1975805,3,participant,83600.0,83600.0,0,False
101070768,CAFEIN,892076118,ESG10402733,FEDERACION NACIONAL DE AGRUPACIONESDE EMPRESAS INNOVADORAS Y CLUSTERS,CLUSTERS.ES,False,OTH,CALLE EDUARDO IBARRA 6,50009,Zaragoza,ES,ES243,"41.637031,-0.9028762",,https://ec.europa.eu/info/funding-tenders/opportunities/portal/screen/contact-form/project/892076118/101070768,2023-03-10 21:34:00,1975807,5,participant,99600.0,99600.0,0,False
101095910,CRAFT,890069285,LV40008251825,IMPACT HUB BIEDRIBA,,True,OTH,STRAUTU IELA 4,3401,LIEPAJA,LV,LV003,"56.4998109,21.0121792",,https://ec.europa.eu/info/funding-tenders/opportunities/portal/screen/contact-form/project/890069285/101095910,2023-07-24 14:17:28,1989026,1,thirdParty,0.0,19005.0,0,False
